Task ID,Task Description,Category,Status,Files Changed,Time Taken,Notes
T001,Project Planning - Design hybrid vector search system architecture,Planning,Completed,"docs/vector_search_design.md, docs/Production-Grade Hybrid Vector Search System.md",2 hours,"Initial architecture design with Qdrant, Supabase, FastAPI. Defined chunking strategy (400 tokens, 40 overlap)"
T002,Project Structure Setup - Create directory structure and initial files,Setup,Completed,"src/, scripts/, static/, config/",1 hour,"Created modular structure: api/, core/, database/, indexing/, utils/"
T003,Database Schema Design - Design PostgreSQL schema with pgvector extension,Database,Completed,"scripts/create_schema.sql, scripts/create_schema.py",1.5 hours,"Created awards and award_chunks tables with vector columns, indexes, and constraints"
T004,Configuration System - Implement environment-based configuration,Configuration,Completed,"src/core/config.py, config/env.example",1 hour,"Pydantic settings with environment variables for database, embeddings, search params"
T005,Logging System - Set up structured logging with file rotation,Infrastructure,Completed,"src/core/logging.py, src/api/middleware/logging.py",1 hour,"File-based logging with INFO/DEBUG levels, request/response logging middleware"
T006,Database Connection - Implement Supabase and PostgreSQL connection pooling,Database,Completed,"src/database/supabase.py, src/database/connection.py",1.5 hours,"Connection pooling, retry logic, health checks"
T007,Chunking Implementation - Token-based chunking with LangChain splitters,Indexing,Completed,src/indexing/chunking.py,2 hours,"400 token chunks, 40 token overlap, handles long text fields (abstract, summary)"
T008,Embedding System - Sentence Transformers integration for local embeddings,Indexing,Completed,"src/indexing/embeddings_sentence_transformers.py, src/indexing/embeddings.py",2 hours,"Switched from OpenAI to sentence-transformers/all-mpnet-base-v2 (768 dim, free, local)"
T009,Vector Store - pgvector integration with Supabase PostgreSQL,Database,Completed,src/database/pgvector.py,1.5 hours,"Vector similarity search, cosine distance, HNSW indexes"
T010,Indexing Pipeline - ETL pipeline for chunking and embedding awards,Indexing,Completed,"scripts/index_data.py, src/indexing/pipeline.py",3 hours,"Batch processing, parallel chunking, incremental indexing support"
T011,Data Loading - CSV to Supabase data import script,Data,Completed,scripts/load_csv_to_supabase.py,1 hour,Loads award_details.csv into Supabase with validation
T012,Lexical Search - PostgreSQL full-text search implementation,Search,Completed,src/core/search/lexical.py,2 hours,"ts_query, ts_rank, handles exact matches and keyword search"
T013,Semantic Search - Vector similarity search implementation,Search,Completed,src/core/search/semantic.py,2 hours,"Cosine similarity, top-k retrieval, metadata filtering"
T014,Hybrid Search - Combine lexical and semantic search with scoring,Search,Completed,src/core/search/hybrid_search.py,3 hours,"Parallel execution, score normalization, weighted combination: (α × Semantic) + (β × Lexical)"
T015,Ranking System - Result ranking and deduplication,Search,Completed,"src/core/search/ranking.py, src/core/search/deduplication.py",2 hours,"Score-based ranking, award-level deduplication, result limiting"
T016,API Endpoints - FastAPI routes for search and health,API,Completed,"src/api/routes/search.py, src/api/routes/health.py",2 hours,"/search endpoint with query params, /health endpoint for monitoring"
T017,API Application - FastAPI app with middleware and CORS,API,Completed,src/api/app.py,1.5 hours,"CORS, logging middleware, static file serving, error handling"
T018,Frontend UI - HTML/CSS/JS search interface,Frontend,Completed,"static/index.html, static/styles.css, static/app.js",4 hours,"Search form, results display, tabbed interface (Lexical/Semantic/Hybrid), loading states"
T019,Initial Cloudflare Deployment Script - Basic tunnel setup script,Deployment,Completed,scripts/deploy_cloudflare_simple.sh,1 hour,Initial attempt - had DNS and URL extraction issues
T020,Cloudflare Script Fix - Add API health check and URL extraction,Deployment,Completed,scripts/deploy_cloudflare_simple.sh,1.5 hours,"Added /health endpoint wait, improved URL extraction with grep patterns"
T021,Cloudflare DNS Fix - Add DNS propagation wait and verification,Deployment,Completed,scripts/deploy_cloudflare_simple.sh,1 hour,Added host command and curl verification loops - later removed per user feedback
T022,Cloudflare Process Management - Fix tunnel stability and cleanup,Deployment,Completed,scripts/deploy_cloudflare_simple.sh,1 hour,"Kill existing processes, better error handling, log file capture"
T023,Cloudflare 404 Fix - Increase tunnel startup wait time,Deployment,Completed,scripts/deploy_cloudflare_simple.sh,30 mins,Increased sleep from 8s to 12s for tunnel connection establishment
T024,Switch to ngrok - Create ngrok deployment script as Cloudflare alternative,Deployment,Completed,scripts/deploy_ngrok.sh,1 hour,"ngrok tunnel setup with authtoken instructions, URL extraction"
T025,Switch to localtunnel - Create localtunnel deployment script,Deployment,Completed,scripts/deploy_localtunnel.sh,1 hour,"localtunnel setup with npx, password auto-fetch from loca.lt/mytunnelpassword"
T026,Final Cloudflare Script - Simplify to match user's working script pattern,Deployment,Completed,scripts/deploy.sh,1 hour,"Removed DNS wait, simplified URL extraction, immediate URL display"
T027,UI Parameters - Add alpha and beta weight inputs to frontend,Frontend,Completed,"static/index.html, static/app.js",1.5 hours,Added number inputs for Semantic Weight (α) and Lexical Boost (β) in search options
T028,API Parameter Handling - Accept alpha/beta in search endpoint,API,Completed,"src/api/routes/search.py, src/core/models/search.py",1 hour,Updated SearchRequest model and endpoint to accept optional alpha/beta parameters
T029,Backend Score Calculation - Fix alpha/beta parameter handling in hybrid search,Search,Completed,src/core/search/hybrid_search.py,2 hours,"Fixed bug: alpha/beta = 0.0 was treated as falsy, changed to None check"
T030,Hybrid Filtering Fix - Fix filtering when alpha or beta is zero,Search,Completed,src/core/search/hybrid_search.py,2 hours,Changed filtering logic: check if award_id in semantic_map/lexical_map instead of score == 0.0
T031,ngrok Warning Bypass - Add ngrok-skip-browser-warning header,Frontend,Completed,"static/app.js, static/index.html, scripts/deploy_ngrok.sh",1.5 hours,"Client-side header injection, meta tag detection, fetch options helper"
T032,localtunnel Password Bypass - Add bypass-tunnel-reminder header,Frontend,Completed,"static/app.js, static/index.html, scripts/deploy_localtunnel.sh",1.5 hours,"Auto-fetch public IP as password, display instructions, header injection"
T033,UI Documentation - Add search parameters documentation section,Frontend,Completed,"static/index.html, static/styles.css",2 hours,"Added comprehensive documentation explaining alpha/beta, scoring formula, examples"
T034,Documentation Consolidation - Create single comprehensive manual,Documentation,Completed,docs/COMPLETE_MANUAL.md,4 hours,"Merged all documentation into one 1300+ line manual covering architecture, setup, API, deployment, troubleshooting"
T035,README Update - Update README to be concise with links to manual,Documentation,Completed,README.md,1 hour,"Simplified README with quick start, features, architecture overview, links to detailed manual"
T036,File Cleanup - Remove unused and redundant files,Cleanup,Completed,Multiple files deleted,1 hour,"Deleted: old SQL scripts, main.py, pyproject.toml, tests/, checkpoint.json, old migration scripts, unused CSV"
T037,Requirements Cleanup - Remove version numbers from requirements.txt,Dependencies,Completed,requirements.txt,15 mins,Removed all version constraints (>=X.Y.Z) to allow latest compatible versions
T038,Project Timeline - Create comprehensive task tracking CSV,Documentation,Completed,PROJECT_TIMELINE.csv,1 hour,"Complete timeline from planning to completion with task IDs, descriptions, categories, status"
